<?xml version="1.0" encoding="UTF-8"?>
<project-private xmlns="http://www.netbeans.org/ns/project-private/1">
    <editor-bookmarks xmlns="http://www.netbeans.org/ns/editor-bookmarks/2" lastBookmarkId="0"/>
    <open-files xmlns="http://www.netbeans.org/ns/projectui-open-files/2">
        <group>
            <file>file:/C:/Users/Caio/Documents/GitHub/CadastroSenq/ExcluirProgramacao.php</file>
            <file>file:/C:/Users/Caio/Documents/GitHub/CadastroSenq/ConsultarCadastros.php</file>
            <file>file:/C:/Users/Caio/Documents/GitHub/CadastroSenq/VerCadastro.php</file>
            <file>file:/C:/Users/Caio/Documents/GitHub/CadastroSenq/NovoCadastro.php</file>
            <file>file:/C:/Users/Caio/Documents/GitHub/CadastroSenq/EditarCadastro.php</file>
            <file>file:/C:/Users/Caio/Documents/GitHub/CadastroSenq/connectDB.php</file>
            <file>file:/C:/Users/Caio/Documents/GitHub/CadastroSenq/NovaProgramacao.php</file>
            <file>file:/C:/Users/Caio/Documents/GitHub/CadastroSenq/ExcluirCadastro.php</file>
        </group>
    </open-files>
</project-private>
